method,mean_precision,std_precision,median_precision,mean_recall,std_recall,median_recall,mean_f1,std_f1,median_f1,mean_auc,std_auc,median_auc
PU Learning (Weighted),0.8390216831292815,0.017406402464611212,0.839555357441355,0.7945126353790612,0.03200470452456687,0.7942238267148014,0.8158624188103479,0.021322941835199952,0.8157104351174431,0.8723273164861612,0.030498726128609127,0.8769640708268868
PU Learning (Elkanoto),0.6136134952227102,0.006334369304410947,0.6140372920540784,0.8897111913357401,0.012193137454004726,0.8880866425992779,0.7262744151080588,0.007004120782686493,0.7256637168141593,0.6911628846484443,0.00740373271748694,0.6912239986247206
RandomForest,0.682060455274886,0.008903737129123547,0.6820643255661306,0.6989891696750901,0.01256587381318825,0.7003610108303249,0.6903767514369845,0.00929896014497843,0.6907782864617398,0.6972062059480832,0.004859941828744174,0.6971978683170019
Random Model,0.5640467884694984,0.025346113978915882,0.5639034703995334,0.4927075812274368,0.030783366194183513,0.49458483754512633,0.5257146544555245,0.02646921977343541,0.5302587276271485,0.4970527763451951,0.02915033107163295,0.4963469142169503
Constant Positive Model,0.5687885010266942,1.1102230246251565e-16,0.5687885010266941,1.0,0.0,1.0,0.7251308900523561,0.0,0.7251308900523561,0.5,0.0,0.5
