method,mean_precision,std_precision,median_precision,mean_recall,std_recall,median_recall,mean_f1,std_f1,median_f1,mean_auc,std_auc,median_auc
PU Learning (Weighted),0.8200452467002907,0.029814203382179803,0.8192771084337349,0.29889867841409695,0.020936699781417236,0.29955947136563876,0.43763741543487666,0.023522620667328163,0.43840245775729647,0.7824977301005479,0.008738143533479419,0.7816777079059758
PU Learning (Elkanoto),0.5730067993412877,0.005627984849147033,0.5720266040688575,0.9040088105726874,0.010318060884059049,0.9030837004405287,0.7013929496043427,0.005984327011048881,0.7017844252591459,0.7330773951642735,0.006923925839253506,0.7327193395433298
RandomForest,0.6481357188000745,0.011137425528188544,0.6475770925110133,0.6474008810572688,0.013214684235596593,0.6475770925110133,0.647695537812569,0.01012242291556014,0.6475770925110133,0.7359277163130106,0.00490391117141008,0.7361410027911357
Random Model,0.4688675599943625,0.020864986225866636,0.47106647537063606,0.5045814977973568,0.02877579439105153,0.5066079295154186,0.4858737685492916,0.02274962475006497,0.48775489804078376,0.503562228873121,0.023948293321836032,0.5027491004472542
Constant Positive Model,0.46421267893660534,0.0,0.46421267893660534,1.0,0.0,1.0,0.6340782122905029,1.1102230246251565e-16,0.6340782122905028,0.5,0.0,0.5
